id,crash
1,0.000005
2,0.000005
3,0.000002
4,0.000001
5,0.000005
