id,colour,crash
1,ffff00,0.000005
2,ffff00,0.000005
3,ffff00,0.000002
4,ffff00,0.000001